{"Q4+FN4fXOtj7jYPwvvOw8A==":"splash-676x380.png","FcgYd1GgEvB9fo7TrMiWsA==":"sltdcow-676x380.png","IzPRbeGnrg7mo0hyEr0b4w==":"thumbnail_img-2889-591x1280.jpg","Xwf3GRiQX0Wqa/4dAXoCzQ==":"blind%20motor-510x419.png","teW7+fFGN23sH/4ojtNSsQ==":"plug-500x350.jpg","pUfQK6yIPZWMvW9Xo0mUlA==":"remote-510x366.png","gy1MH/C5ythbwl9kk/I2mw==":"blind%20motor2-510x340.jpg","vw+pnoDuWvnPoBKxKB5SHQ==":"solenoid-225x225.jpg","ChvuAoJJC0qUOQUAmq97UA==":"sprinkler1-275x183.jpg","rmXZsk6NJITsSWZCLBUPMw==":"app%20sprinkler-316x640.jpg","PFptfAD2Uy7qqU4mARX7sg==":"app%20sprinkler-158x320.jpg","smHfXwpZf+itI2KrdGGejQ==":"lightswitch-284x178.jpg","Ppe2MlcJMbP9V/Dhf4AIuw==":"smart%20wifi-225x225.jpg","UG5OhUT4FPGjJ7zfpKNUgA==":"led%20kit-225x225.jpg","Xtf7fXUEyQ9jyyIYgc8eRQ==":"blind%20motor2-676x451.jpg","QtACMOd96IYX5IOE2BpcJA==":"background6.jpeg","8/lY9W38gZZuzwO4QlJRVQ==":"background6-1.jpeg","cZdF5vOILhFb57H5McT7Hg==":"home-667x485.png","JbHMDR4/IBNffGlSVYdadA==":"shpage-500x300.jpg","6OY/tIVUcOTZ2bRf7qErOw==":"aaa-600x338.jpg","NWuLJ8arU+PyOIKEUiAqQw==":"blind%20motor2-900x600.jpg","Osf94p0TIpMBkJkImzGHhA==":"remote-660x474.png","pbX1zlY+UuwYFZbmPqeFcw==":"anim%20blind.gif","kARZHUv/BpI54Xy5omH36Q==":"anim%20venetian-201x251.jpg","XrZ9kBtqR1ZJN5rwR2DQ+g==":"remote-800x574.png","W127G4vMUsbbAgpXBQzsiA==":"ven%20anim2-164x307.jpg","xHGDBUnoBc3wa+lBiCnK4w==":"1221212roller-240x133.jpg","GJBZtXiptBPUdKcW6pIudA==":"somfy-297x170.jpg","WPiDwPR0B4yv2BstCKSJkg==":"zwave-287x176.jpg","zWrdXFxK/VKuMyMhe/YUiw==":"tplink-225x225.jpg","6/1oCyQSF9ngF8EvjazPbA==":"zwave-287x176.jpeg","u/TbND+IEWguGIo1ALOZEg==":"zwave-225x225.jpg","F7yrzEpzA8MGe/bMRMOPIA==":"wyzecam-275x183.jpg","yNnMQwh6XTqN8QAqVkR4Aw==":"reed-225x225.jpg","QzHOr43XC1Icak/SQMIevg==":"geo-311x162.jpg","lhW56HIfS/Wk6cCQ1G/Piw==":"geo-311x162.jpeg","J4/0ZHfMakRrwnKcvgT2YQ==":"geo-1-311x162.jpeg","7LuKpMtP1LtNAecsDTbMbA==":"geo-225x225.jpg","++0m1KQU5dgnBcbVqLZUgA==":"nest%20thermo-259x195.jpg","k326qJKI43BhlZV+FDPT8g==":"air%20con%20brands-304x166.jpg","ZW3jbl9q7fpz18aSWGmYaQ==":"air%20con%20brands-304x166.jpeg","MTPEG4H9QRfZtbbpQKLfAQ==":"lamps-332x152.jpg","7p86BI+5BXblLObvf7fdEQ==":"led%20kit-225x225.jpeg","gw2vCx6fe+1Llsxiwe0/2g==":"dimlight-828x1676.jpeg","7tm/xIe2lMDrsBiqUWb/Zw==":"dimlight-1-828x1676.jpeg","rNIZ0L3nPb2jvrdJt+fQUg==":"led%20kit-225x225.jpeg","GNi+MH8QaILhSbblrfl2+Q==":"led%20kit-225x225.jpeg","MgV4xc00if8Gp6b9xqZ70A==":"gpo-828x1307.jpg","QVzgAWtuId5YACGvnz+OTw==":"blind%20homekit%20display-828x1297.jpg","CgtXo0OcEc7rLyd6ptyBog==":"homekit%20security-828x1338.jpg","9HHA+4xLWZV0LWGovM6x+g==":"sprinkles-660x1038.png","IBMdy0VyriJySiy/Nti+6w==":"nest%20thermo%20image-660x824.jpg"}