{"Q4+FN4fXOtj7jYPwvvOw8A==":"splash-676x380.png","FcgYd1GgEvB9fo7TrMiWsA==":"sltdcow-676x380.png","IzPRbeGnrg7mo0hyEr0b4w==":"thumbnail_img-2889-591x1280.jpg","Xwf3GRiQX0Wqa/4dAXoCzQ==":"blind%20motor-510x419.png","teW7+fFGN23sH/4ojtNSsQ==":"plug-500x350.jpg","pUfQK6yIPZWMvW9Xo0mUlA==":"remote-510x366.png","gy1MH/C5ythbwl9kk/I2mw==":"blind%20motor2-510x340.jpg","vw+pnoDuWvnPoBKxKB5SHQ==":"solenoid-225x225.jpg","ChvuAoJJC0qUOQUAmq97UA==":"sprinkler1-275x183.jpg","rmXZsk6NJITsSWZCLBUPMw==":"app%20sprinkler-316x640.jpg","PFptfAD2Uy7qqU4mARX7sg==":"app%20sprinkler-158x320.jpg","smHfXwpZf+itI2KrdGGejQ==":"lightswitch-284x178.jpg","Ppe2MlcJMbP9V/Dhf4AIuw==":"smart%20wifi-225x225.jpg","UG5OhUT4FPGjJ7zfpKNUgA==":"led%20kit-225x225.jpg","Xtf7fXUEyQ9jyyIYgc8eRQ==":"blind%20motor2-676x451.jpg","QtACMOd96IYX5IOE2BpcJA==":"background6.jpeg","8/lY9W38gZZuzwO4QlJRVQ==":"background6-1.jpeg","cZdF5vOILhFb57H5McT7Hg==":"home-667x485.png","JbHMDR4/IBNffGlSVYdadA==":"shpage-500x300.jpg","6OY/tIVUcOTZ2bRf7qErOw==":"aaa-600x338.jpg","NWuLJ8arU+PyOIKEUiAqQw==":"blind%20motor2-900x600.jpg","Osf94p0TIpMBkJkImzGHhA==":"remote-660x474.png","pbX1zlY+UuwYFZbmPqeFcw==":"anim%20blind.gif","kARZHUv/BpI54Xy5omH36Q==":"anim%20venetian-201x251.jpg","XrZ9kBtqR1ZJN5rwR2DQ+g==":"remote-800x574.png","W127G4vMUsbbAgpXBQzsiA==":"ven%20anim2-164x307.jpg","xHGDBUnoBc3wa+lBiCnK4w==":"1221212roller-240x133.jpg","GJBZtXiptBPUdKcW6pIudA==":"somfy-297x170.jpg","WPiDwPR0B4yv2BstCKSJkg==":"zwave-287x176.jpg","zWrdXFxK/VKuMyMhe/YUiw==":"tplink-225x225.jpg","6/1oCyQSF9ngF8EvjazPbA==":"zwave-287x176.jpeg","u/TbND+IEWguGIo1ALOZEg==":"zwave-225x225.jpg","F7yrzEpzA8MGe/bMRMOPIA==":"wyzecam-275x183.jpg","yNnMQwh6XTqN8QAqVkR4Aw==":"reed-225x225.jpg","QzHOr43XC1Icak/SQMIevg==":"geo-311x162.jpg","lhW56HIfS/Wk6cCQ1G/Piw==":"geo-311x162.jpeg","J4/0ZHfMakRrwnKcvgT2YQ==":"geo-1-311x162.jpeg","7LuKpMtP1LtNAecsDTbMbA==":"geo-225x225.jpg","++0m1KQU5dgnBcbVqLZUgA==":"nest%20thermo-259x195.jpg","k326qJKI43BhlZV+FDPT8g==":"air%20con%20brands-304x166.jpg","ZW3jbl9q7fpz18aSWGmYaQ==":"air%20con%20brands-304x166.jpeg","MTPEG4H9QRfZtbbpQKLfAQ==":"lamps-332x152.jpg","7p86BI+5BXblLObvf7fdEQ==":"led%20kit-225x225.jpeg","gw2vCx6fe+1Llsxiwe0/2g==":"dimlight-828x1676.jpeg","7tm/xIe2lMDrsBiqUWb/Zw==":"dimlight-1-828x1676.jpeg","rNIZ0L3nPb2jvrdJt+fQUg==":"led%20kit-225x225.jpeg","GNi+MH8QaILhSbblrfl2+Q==":"led%20kit-225x225.jpeg","MgV4xc00if8Gp6b9xqZ70A==":"gpo-828x1307.jpg","QVzgAWtuId5YACGvnz+OTw==":"blind%20homekit%20display-828x1297.jpg","CgtXo0OcEc7rLyd6ptyBog==":"homekit%20security-828x1338.jpg","9HHA+4xLWZV0LWGovM6x+g==":"sprinkles-660x1038.png","IBMdy0VyriJySiy/Nti+6w==":"nest%20thermo%20image-660x824.jpg","iXvO+ueJUsjRwM6JwwBSXQ==":"remotey-225x225.jpg","ZgqHb3iilrnk9sXjntxr+A==":"led%20kit-225x225.jpeg","5rs0JhV+T4Fs2o2ggqeTyw==":"led%20kit-225x225.jpeg","XX/hiwg5Vd6cZL83NTJsPw==":"led%20kit-225x225.jpeg","fUFgZUs34R07PijH2OSiIw==":"led-kit-225x225.jpg","TLAXMT1QXaKGPIE44wTZAA==":"led-kit-225x225.jpeg","Te5VIMHkShyBaF83KDrO9w==":"led-kit-1-225x225.jpeg","Ojjr7QhFUZH9CGtYYK29Ig==":"smart-wifi-225x225.jpg","UoaLdicuUhYgwQLYQXvWgw==":"led-kit-2-225x225.jpeg","9YNq+XXM0Au6zEHYnBA63w==":"wyzecam-275x183.jpeg","92dmGL9/tEqU/gJyHYwRPQ==":"sw1-376x282.jpg","hDhHzRbH4+PtCJvkTOh4QQ==":"wifis-432x324.png","RXbGD09CoKuAD7chc/blAA==":"light1-432x324.png","Vgwlhm7lmU8kpcgKEXxDwA==":"hk1-456x342.png","GOdTNjGHA4ZsRY0NJ/XPgQ==":"pw1-225x225.jpg","rYUwH7X/8U9ifqmSzHsErA==":"pw2-556x556.png","a53Qzp8DfdQ3IkXfFtJfgw==":"hk3-548x548.png","EQUje/K0MxF+iSA332Ne0A==":"bl1-506x563.png","IRItlpsKqSPKNnxb+WJ3Ug==":"bl2-466x525.png","+oyQu8FU1ff31mgVOOYrRQ==":"bl3-460x570.png","QcZkUh61GfVJ1hCOcdCReQ==":"bl4-506x467.png","JqkHIpl5fqnq6ay135ekvQ==":"bl3-1-460x570.png","Wdrx1f6jb9fTH6g+0pOjYw==":"sec1-400x386.png","RWOhw1bvdkJLqgYOAuI7Ug==":"sec2-287x279.png","mxbr0hsIZSlYHKzFxgWBAg==":"sec3-410x391.png","uedgnjTIQ0a8RvQC+WSlZA==":"sec4-492x481.png","2Dc6Xet/oyuLp78/jSXENQ==":"ir1-193x193.jpg","Cs0/0jdtT3/bgnJwLsMr2Q==":"ir2-142x142.jpg","JeY/pAp5yrd5lrfFlrsKxA==":"ir3-535x535.png","TfebGBEQJjtorh5kZZIejA==":"ther1-439x462.png","sQjJbEahsZU5CtsZvoJH+w==":"ther2-413x375.png","se244urr84Qy+Zsqn9qwlw==":"ther3-388x443.png","oyny/cGFFw4JccMK7tcQqg==":"cbus%205500-596x447.png","bNNbJCheGyI014Wugw/SwA==":"wifis-1-432x324.png","uP1ek7/7Cdw7LkI7qoyvzg==":"light1-1-432x324.png","fiZNQIeKU7Dq9cbekxb5Fg==":"cb3-225x225.jpeg","ypRzSzsb/H3ZFlYUi1uy+A==":"cb3-1-225x225.jpeg","U0SEIZTMx0619pKhKnZhww==":"cb3-169x169.jpg","V+gH2Jl0fn1Eyhp8ikmBuA==":"cb3-119x119.jpeg","PRtzoiQKaNzVmOVNzPgSFQ==":"cb3-119x119.jpg","76ySYsHPmqjDeeS+qUYg0Q==":"cb3-1-119x119.jpeg","DTV4LNKvQu95hyrjfdJnVg==":"cb3-2-119x119.jpeg","TZ4/6mVv4T3q9mx+hQ/upA==":"cb3-3-119x119.jpeg","nacuT/yTmiFbs1wK3p1PSA==":"cb3-4-119x119.jpeg","nV0dQlvAm0N4wGADWaO0HA==":"cb3-225x225.jpg","vAL1ecHoPpXNLiT760c0fg==":"cbus33-214x235.jpg","13QkihKNK5niQ3SPTSEVIA==":"cbus-page-800x533.jpg","8SNsRZMxSG9M5vnYEhPq/Q==":"applehomekit-275x183.jpg","the99wsLL1FzZlDaohDSRg==":"applehomek2it-304x165.jpg","cBdhlQokOOg0xXhMFOeJjQ==":"homekit22-318x159.jpeg","AT69XWANkbDs4zy8ZUx1CA==":"homee-275x183.jpeg","qVV1YdhACzCLoDL+CoViyg==":"b991864c-4d64-4345-952d-18fb256d85d0-2-289x289.jpg","PqxNMkuh18fyUKIusHZoHQ==":"tm-classic-downlight-downlightsale-australia-melbourne-whitedownlight-344x344.png","Ap1F1AXLtEYcxDIYYYfeEw==":"hk1-1-456x342.png","dkmF8bU/ClK7O1/5bw86lg==":"light-switch-351x351.jpg","3UjCwDUD/l7YrPBpPuIFyg==":"asd-667x500.jpg","BySsODQ7YCzUrQcHYkF9Tg==":"screen-shot-2021-04-04-at-5.11.17-pm-391x391.png","ctOI7R9UbilAKU8C+Vy+eg==":"screen-shot-2021-04-13-at-10.34.54-pm-643x643.png","MkwmrRiB9VzKHtD+7xRf4w==":"screen-shot-2021-03-25-at-3.46.27-pm-686x686.png","oynuabq5ik82kUMrpaNTEQ==":"network%20sensor-828x883.jpg","+JrM1A8onjBXcAVcV84F6Q==":"sec4-1-492x481.png","BBc2BDgN0eHreAEhbUwc+A==":"asd-667x500.jpeg","MMcONtVs7LKH4WLn67hI3A==":"sw1-376x282.jpeg","+OzHPHLk6OmbtN0dkRC/oA==":"remotes-1256x837.jpeg","pa5Dkwo/T1qgW/t0h+fQvA==":"background5.jpg","qK2oU7dMCGTg9qQDNoUqMQ==":"logo2-122x122.png","MHe1k3CcE3ZBUzfAagn9Ag==":"logo-122x122.png","g5//VTuGbYfgylfS9kOBlw==":"logo2%20(1)%20(1)-122x122.png","WrXiV6R227fP7q9EK2Ws5Q==":"newlogo-96x96.png","umRUPQhNQxovSSx5eycuyA==":"capture-596x328.png","7Fd5Q3XAmVvgYGfXO2m9aQ==":"capture-390x383.png","iO/l63Y4bNHTtYKGOpWpEg==":"capture-366x228.png","D7cJlipD6oTDu+iXbay8aQ==":"a-982x552.jpg","K59xpB1YPIySgwHxKE26+Q==":"b-982x486.jpg","noziTvL3A175SIm+O0dnbQ==":"logo26-96x96.png","VVS2grQjxzfVriDi+DgsXw==":"logo26-96x88.png","YcV9Gv6lHJ3QKsotdBHR7w==":"logo_housemate-96x88.png","nR4zo/4N6IeIF19VS1hSxQ==":"output-onlinepngtools__1_-removebg-preview%20(2)-96x88.png","5vvsM4+8GLCuA8gHFY887A==":"blind3-816x1766.jpg","iUZTFYRSFpfIkpVcpKOr5w==":"blind3-456x986.jpg","8z7iAbo9BaIcoUMuKR6cSQ==":"img-6078-816x1104.jpg","N6g2vgRmO6UKoRt7GvHcCw==":"blind3-297x641.jpg","PALnJdgKym7CAGQKXA0V6A==":"aqualink1-676x1202.png","UxO9HYr/cEj0REMoZuBzAg==":"aqualink2-446x755.png","qB7LaQPuEVEDOa4YfsIynQ==":"simulator-614x155.png","BM1N4TBvzM0VRga/IDYsDg==":"blind3-177x352.jpg","NHpCK63J3NQIEYybdGOOuw==":"blind3-177x352.jpeg","uQfALMDkuKbyb2zzJ0wbhw==":"blind3-1-177x352.jpeg","6J/W46A0m27IDAwo2Dkjpg==":"blind4-499x483.jpg","HNAIoHFgnxC7BsP2gqZMdQ==":"blind4-321x470.jpg","uz6FaM6fKAS/IAC7dFXPGA==":"blind4-1-321x470.jpg","NywJ6fJJz/6nhNGFfmFM6w==":"blind4-321x363.jpg","zBta9BIczI/0FgjPNq1Avg==":"aqualink1-260x460.png","JKQABbQ2SsBlotBf7O4bMA==":"aqualink2-282x477.png","8DGr16pO+VcCvsTrxk+iCA==":"aqualink1-287x368.png","0Fvi1M3y7W+kwcXu2n4YWg==":"aqualink2-310x430.png","EaZjv22Ou0/zF/4KvrxVHQ==":"aqualinkm8-287x368.png","D7cxdKBAZdvNF8fPPBRcTg==":"download%20(1)-278x181.jpg","kRfSaJdRHyKJWEgVYm+evg==":"screen-shot-2021-04-04-at-5.11.17-pm-220x220.png","GPQfkmYRZSrdtTbFpjha8w==":"ther2-220x220.png","eLgMbk316fHuvBCPeJK9DQ==":"screen-shot-2021-04-13-at-10.34.54-pm-220x220.png","9FFV9bXw3vxWNIkCQr96Gg==":"bl1-220x220.png","rW5Ye0NU0Gko6I3bPcye1w==":"bl2-220x220.png","o7AhySzB4HSgwGL3h2TfSQ==":"blind4-273x220.jpg","qEykp7LqZNVmTUjZQZq31A==":"sec1-227x220.png","NI0fMcvokFuqP8FbOWgwuQ==":"sec2-226x220.png","D4owBUjaZQ+x1ymzyb9BSw==":"sec4-1-225x220.png","AjdLjmzzKNoGhl8lJltX8w==":"asd-220x220.jpg","jhG6Kje0z8TLAncvDqGNMQ==":"ir2-220x220.jpg","/eJDuhgiyI8yEQLUFWJgQw==":"ir3-220x231.png","GsdRc03zBPFGT+kLA8KI3A==":"ir3-220x220.png","Ps9WCx4Nu5xqe2BrFexuKw==":"aqualink2-261x253.png","KQAvceqfDHo7F+/PDXOteg==":"aqualinkm8-268x258.png","WfHLrTiWFv5vwU1X/WAvIw==":"download-1-228x220.jpg","4hqXomtwzoB2V2lu5epIgA==":"cbus-5501-252x300.png","7vcQ49AJ0aCvw8iOzmQRGw==":"cb3-1-225x225.jpg","gCRYQCOPAmTYgamjWAdaPQ==":"hk3-220x220.png","WXYgfcJAyjFASttmcfeQmw==":"network-sensor-220x220.jpg","TRST15uyHsNhpCPRnB55QQ==":"blind4-220x220.jpg","YJ3qRTP6yjkS8cK6QPq5Mw==":"cbus-5500-220x220.png","TlHIzeKWJSZZga/26LD23A==":"cb3-220x220.jpg","wieeqjYNoLHDQ+G6BAEXbA==":"pw2-220x220.png","+kpZuLhCq82k2eT5Cp84pQ==":"background4-264x195.jpg","LaN0vSdOdpJPkfDdD2xX8w==":"capture-366x228b-366x228.jpg","8JSAmG5MFKs5hXokHWrMIQ==":"capture-366x228%20(2)-366x228.png","pb7A9UvQtRbOl8IyhroYsw==":"capture-1-366x228.png","l8Ld3OkyS3SViHwA17gDtA==":"large%20penin%20366x228-366x228.jpg"}